Elements,TableSize,Rehash,TempsNs,FacteurCharge,Collisions
100,197,4,880093,0.5076142131979695,25
200,397,5,1366699,0.5037783375314862,64
300,397,5,1466783,0.7556675062972292,100
500,797,6,2479150,0.6273525721455459,117
1000,1597,7,3195231,0.6261740763932373,267
2000,3203,8,3488165,0.6244146113019045,608
3000,3203,8,1418331,0.9366219169528567,1223
5000,6421,9,87001878,0.778694907335306,1199
10000,12853,10,5464121,0.7780284758422158,3267
20000,25717,11,14897288,0.7776956876774118,9297
30000,51437,12,23003173,0.5832377471469954,13101
50000,51437,12,13519215,0.972062911911659,17022
100000,102877,13,39143183,0.9720345655491509,33792
200000,205759,14,45289149,0.9720109448432389,65846
300000,411527,15,46318193,0.7289922653920642,99797
500000,823117,16,87290714,0.6074470579516642,212655
1000000,1646237,17,154474604,0.6074459509778969,328809
2000000,3292489,18,327383494,0.6074431835611296,710977
5000000,6584983,19,587252725,0.7593034029093165,1384136
10000000,13169977,20,1296627390,0.7593027687140228,3011990
50000000,52679969,22,6811430616,0.9491273618631021,18512282
100000000,OOM,OOM,OOM,OOM,OOM
